hectareas,temperatura,precipitacion,humedad_suelo,fertilizante_kg,produccion_kg
7.7718725,28.691225,2.3265464,69.30394,28.940582,2882.967
9.493928,28.245975,0.233006,46.712425,43.70702,1111.7605
1.0677224,37.487347,0.037488695,96.25012,2.751129,704.4381
6.5777063,27.309757,0.97190666,77.77616,26.663395,2158.5703
9.290337,25.992699,1.3890588,65.86671,38.038296,2303.594
4.4943237,30.305305,2.5991645,81.87567,13.79626,2159.3054
8.87295,28.78604,1.4173226,51.733425,38.438244,1914.8229
7.359818,28.804848,5.1882815,72.798584,25.657717,3792.747
8.556559,29.426441,1.2146779,74.25151,32.232353,2608.069
7.8300486,28.543959,1.5351043,62.259594,36.913948,1589.1404
1.1882284,36.854534,0.054069724,95.60312,3.2214708,781.06494
2.7544863,30.662617,0.6581597,80.41092,9.362567,1374.8173
7.0299516,27.870668,1.6265639,75.17542,27.313904,2980.3901
7.2667084,28.486835,4.551624,68.58599,27.082323,3508.3447
1.9000237,33.858322,0.35988986,92.114006,5.61036,1034.25
2.2741182,32.645603,1.5464872,79.12861,10.673628,1161.3723
2.6248546,31.11683,1.0216036,88.33217,7.8761787,1296.6168
6.2443933,30.369547,2.873902,64.423325,25.768236,2084.5962
9.2751465,29.06594,0.8069997,58.807774,40.506874,1966.4576
2.4296181,31.743914,0.3592136,86.36334,8.714081,1150.5928
7.3135204,26.091665,1.7623827,60.52315,35.057533,1635.2065
5.120938,31.346287,3.3238904,72.20391,21.880676,1866.0962
3.8256302,30.086475,1.619911,76.27604,16.30798,1537.737
9.203027,27.10109,1.0089067,53.696514,40.5376,1946.0563
3.4339123,32.06765,2.5231447,75.87603,14.030978,1576.6235
5.63843,33.354446,1.3090783,65.32146,28.510593,1090.1923
9.58825,30.304068,0.85744935,69.29358,40.776657,2068.2664
8.815119,28.461002,2.9509628,56.183792,37.74093,2447.9229
8.369361,28.703104,3.5129073,58.03871,34.647923,2817.3672
9.164538,28.295801,0.7616627,57.66523,41.390373,1393.7865
6.1762996,30.584444,2.3363745,74.014465,22.249418,2247.0242
5.8113866,28.158276,2.1202188,72.096756,24.69586,2282.8186
2.0416267,32.70088,0.71507174,90.47079,6.2700157,1279.406
7.3383265,30.644659,3.3979733,54.042088,33.979176,1634.0936
8.336355,27.555185,1.5012604,58.5476,35.97083,2248.559
4.8688164,31.521618,0.68770355,84.02379,22.57068,1716.4174
5.1867094,28.814142,3.807425,69.98042,21.640642,2233.2205
7.080145,26.422815,1.7142636,69.27642,28.850666,2487.5537
5.9495316,29.88407,0.96591806,83.14254,18.31444,2217.706
1.3477345,37.320858,0.053015396,95.4979,4.063856,805.7834
8.333195,27.03136,1.2306705,75.6973,34.633747,2875.6228
9.286013,28.530582,0.46105832,77.120926,36.042957,2267.7869
9.730255,28.053486,0.39886504,69.30558,40.948963,2048.7056
1.9532993,35.38728,0.8038341,87.57224,6.725829,1156.4417
1.3813112,35.937874,0.103073865,92.4376,4.582705,840.5598
1.9776334,33.74831,0.7791464,90.68261,6.000665,1215.9266
1.6256179,34.300625,0.08265712,93.7496,4.978007,808.31635
6.0798774,32.64006,0.9293818,84.81583,24.537601,1426.7878
2.6626594,32.482197,1.4796023,86.16279,8.939066,1444.4058
1.5124094,35.03242,0.18241091,89.687004,5.238328,830.3204
1.3371178,37.252563,0.24976487,95.192276,4.1702275,915.1692
7.545288,27.893696,1.2329446,62.876705,35.19409,1272.7145
8.66871,26.806318,3.419705,59.737843,35.24059,2868.2124
9.12282,30.090166,4.124239,61.710583,36.390545,2778.5835
8.065824,29.14243,0.5969318,79.09374,36.730938,2102.1494
8.914552,27.10192,2.0399463,64.814766,36.814262,2447.4814
8.680912,26.738321,0.30317196,69.632,39.49096,1518.3848
3.8003895,34.54645,0.2857735,80.858696,18.195307,892.978
8.013059,26.818039,3.0714633,65.737526,32.238068,2661.3223
3.0920944,31.970892,1.5479963,79.96671,12.269485,1305.698
8.73421,28.886696,0.7431968,79.00035,37.07638,2277.35
9.230147,29.045734,0.97299075,49.508965,41.195446,1731.1649
1.0740137,38.758385,0.042159457,95.89928,2.9150958,713.96936
8.238089,26.877804,1.4649951,75.12939,32.082245,2586.464
4.256706,31.42509,1.688654,70.521164,18.298258,1385.5502
6.4657626,33.17739,0.41283277,91.58793,17.468773,1617.1393
1.1319475,36.994743,0.18790188,93.11563,3.2694142,810.99884
1.506579,34.515022,0.3101357,91.63676,4.6549735,1015.22144
2.9314535,32.312878,0.364899,86.8206,11.537263,1224.0276
9.111829,30.978813,1.5196018,49.73232,40.265453,1767.9489
8.978755,30.28618,0.409342,65.27769,41.38662,1355.2958
9.396672,29.321346,1.4029261,76.39266,35.719334,2410.9346
7.1606245,27.976013,0.40839568,77.894325,27.672453,1597.5385
3.787773,31.679535,2.1081183,85.99187,12.268151,1750.1996
9.252348,27.77535,1.6731658,68.91692,37.219444,2684.5417
8.955204,24.91276,1.1954131,65.984604,37.50356,2431.137
7.109398,30.323334,1.0414274,64.98364,33.81934,1406.974
2.3719604,33.50094,0.9510591,86.80454,9.776766,1219.1372
2.4274902,30.906317,0.95211023,80.96871,8.74216,1173.0839
1.1633259,36.5407,0.20968622,93.03123,3.2605262,813.48987
7.6093016,27.85685,2.4313972,66.95625,31.053162,2808.6245
1.0654361,38.190678,0.01672786,97.00936,2.7388046,696.8154
2.5352304,32.26933,0.7370121,86.25944,7.8890595,1316.417
8.741179,29.638628,2.8667133,71.24536,34.215065,2762.3962
7.9913735,31.967258,1.9638374,77.16037,31.204943,2332.2275
8.956102,30.44623,2.2042425,53.331352,39.897736,1820.1276
3.3754308,31.322916,2.29836,83.25746,13.093998,1508.9415
5.819715,30.687807,2.0296156,70.059265,25.907219,1498.2662
9.534651,32.130375,0.42632753,43.24712,43.774593,1109.1912
3.5578887,30.239904,0.71982855,75.272896,15.485744,1079.6589
8.950402,27.270271,1.3372416,55.974857,39.046204,2358.9172
9.477243,29.773975,0.13769442,66.74484,44.01172,1175.1934
3.641063,33.153946,0.9360407,77.76649,18.275742,993.13873
8.362435,25.925661,2.0914943,52.545055,37.27666,2029.7913
9.321381,25.546282,1.3644065,65.90187,37.156956,2799.7776
2.4281332,31.568487,0.89676034,79.051384,11.3183155,1160.6545
7.1096497,26.651842,3.1480155,58.50638,31.028187,2031.276
8.982819,27.6263,1.5703521,66.31254,36.753395,2182.9287
3.1963234,29.56302,1.0538979,82.052956,10.836326,1708.3961
5.2037396,28.990099,0.5533184,86.71161,22.192945,1651.469
1.9678074,34.049072,0.10134197,89.20445,8.961851,865.6591
3.220828,33.766533,1.6331565,85.5698,13.201988,1641.8649
9.474337,28.096775,0.3855444,55.055843,42.520023,1636.0751
9.687466,30.159008,0.16369028,45.76104,44.640903,1013.436
9.142442,29.295948,2.918414,63.68992,36.84159,2561.9666
9.503528,27.433174,0.40526664,54.03691,41.657475,2154.1262
9.350231,28.170675,0.5785368,61.291927,39.87078,2216.3708
5.1421404,30.096231,3.2394216,73.61097,22.137503,2015.2152
1.0998385,36.876823,0.07305053,95.09188,2.9749305,741.0824
2.969015,33.982536,0.48881257,88.914375,11.301513,1161.5881
8.97871,27.070482,0.30345413,80.52534,39.746414,2105.8044
9.041413,25.125952,0.6235145,68.09738,37.747505,1990.0363
9.072005,29.985167,0.85703725,57.35265,40.318783,1998.3081
6.5639386,27.07213,0.7917895,76.32802,31.284876,1332.6597
2.5180197,34.038475,0.7153307,91.356735,7.9186053,1407.5674
8.787782,26.801947,1.5980331,60.029186,36.80246,2527.6658
4.4724317,33.89031,2.3833761,66.79811,22.096762,1262.7218
6.431408,29.642092,1.4117235,72.38541,23.794474,2122.74
7.453553,26.463556,1.3682026,68.79467,32.975033,1803.2483
9.304032,30.342487,0.5572395,55.4318,41.506508,1428.9869
8.373654,24.03516,2.5174348,63.57322,34.33042,2975.2058
1.4029961,35.939976,0.07456817,94.515755,3.9209127,843.7528
8.466227,29.55534,1.6981124,75.59212,34.332413,2085.9229
4.2487516,32.935814,0.08784879,93.63706,17.561275,1107.5499
7.1533914,31.389196,3.6382263,59.889637,32.06541,1657.7053
2.7828133,33.84228,0.85991275,83.284004,12.535123,1038.2338
1.2850668,35.54899,0.11179908,92.21556,3.8326926,841.0192
7.9888873,28.187681,3.1251352,56.384514,34.039627,2336.7317
6.0486646,28.797483,2.2219071,66.21174,24.186329,1793.7708
1.1852974,36.593235,0.20386843,92.64492,3.7368457,803.6653
1.4645399,37.131424,0.08582515,95.239136,5.137768,818.0058
3.4543872,32.220657,0.5975188,81.75572,16.360195,1235.0775
8.05024,26.631378,2.7486722,64.57695,32.740322,2835.9614
6.0724673,33.23044,0.5269955,90.63523,18.104288,1707.6091
8.947622,30.371603,3.15459,62.287,35.835205,2759.785
1.932201,35.605824,0.18995218,94.148254,5.330043,940.5914
6.7311544,27.822868,1.2058336,72.153305,25.317877,1965.0851
3.5796468,33.28374,0.38266003,89.76854,11.315308,1410.739
9.151487,32.58273,0.96993124,70.39952,37.925056,1923.9432
7.767073,29.140488,0.8738501,71.07331,36.07484,1605.6011
8.450733,27.754345,1.3770919,62.176987,36.767017,2007.7448
7.1734796,26.172894,1.6742072,76.15878,24.771568,2168.3218
9.4004345,28.653067,0.9067609,77.431854,37.286686,2428.7917
2.1977918,35.405277,0.24691384,95.02541,6.5772758,1108.8579
3.8941443,32.499676,1.7539618,66.65239,17.735453,1268.9856
2.8661208,30.78593,1.301628,84.46529,10.108784,1548.5609
9.142894,30.127499,0.88365763,58.19706,39.841602,1805.8207
1.6345336,35.366474,0.039259437,95.48223,5.043344,834.99493
1.2695329,37.381912,0.10989561,92.204865,4.0800934,758.1858
1.8902351,35.47364,0.034517534,94.71578,6.8970003,861.80334
9.40595,29.910925,0.19948387,68.42307,43.462894,1217.4756
8.43978,27.248558,1.4836063,59.924706,36.653507,2301.8784
9.65442,29.623856,0.17885785,56.39187,44.521656,1293.0112
4.2043653,31.863997,1.8481222,80.552246,18.19238,1792.8119
9.020776,29.937742,0.63539416,65.244675,39.940464,1906.5892
8.32334,32.14601,0.8156199,76.11576,34.559975,1870.5669
1.1066656,37.141148,0.09393943,95.64776,2.8870752,764.1922
7.2931094,28.253275,2.7934735,58.876316,32.771706,2041.8246
3.1583216,33.83448,0.42265207,93.718315,8.845208,1379.4056
1.4287157,35.82636,0.24964468,92.444336,4.43395,948.67847
9.726416,30.943832,1.0227093,59.346928,42.962627,1736.9901
8.905619,29.700363,1.4656098,68.32344,37.326485,2184.7515
7.611553,27.680927,4.4679084,56.45038,32.10522,2932.2063
8.939081,31.32293,1.0223548,64.86889,38.47683,1845.8551
8.044526,30.11614,2.256401,61.827183,35.09661,1990.9218
9.326901,27.941662,0.685224,67.52208,40.446114,1868.4598
1.4859762,35.827614,0.17579427,91.76296,5.3561826,858.8116
9.11317,26.873598,1.323444,73.5841,36.01617,2749.1614
1.0700235,38.635178,0.03405509,97.27214,2.7081156,714.4481
3.446507,32.795246,0.6268649,87.70418,12.288878,1469.7035
1.494531,34.81535,0.6174852,90.48248,5.035813,893.72504
9.413463,27.057976,0.6487226,64.38903,40.064972,2065.6777
7.1308227,28.60933,1.1906364,71.46479,28.870367,1711.6857
7.85403,29.331314,3.4562654,59.526165,34.015224,2354.4846
7.451666,29.072746,1.9782711,71.314705,26.860868,2618.4158
6.9528046,28.976444,3.3970203,72.28704,27.82502,2448.4612
8.330697,28.918203,0.50323194,78.64241,29.360657,2406.9763
1.1913351,36.386086,0.10190654,94.453835,3.3742228,793.3517
9.718238,30.898603,0.27749744,62.22402,43.31741,1587.8517
1.3949717,36.331196,0.1511799,90.54798,4.5791864,853.89954
4.581252,31.0235,2.8856087,65.663864,19.059044,1495.0262
3.1220567,35.655838,0.15459836,93.43427,11.366252,958.8695
1.9523435,33.295322,1.6423587,83.876755,6.8544216,1312.7955
1.8285847,34.988583,0.5845977,90.26851,6.3645697,1112.7521
2.1184871,34.511707,0.42369297,93.18212,5.4193854,1193.188
4.246925,32.324886,2.1084883,73.60041,20.788208,1353.4132
7.5005226,27.322018,1.676735,64.96966,32.629322,2528.7148
8.624821,29.797766,2.3471816,56.78067,37.02867,1941.8214
4.6649756,31.256044,2.3179088,85.92483,14.9372015,2021.4426
9.072325,29.841446,1.477379,54.240746,40.038895,1620.2908
8.784075,31.199362,1.9460245,71.79372,36.956642,2613.1416
4.264237,31.016308,4.1592407,78.951744,15.718984,2010.1847
7.5820575,28.685884,1.7437974,74.63186,30.560024,1816.225
1.8958743,36.121025,0.12684976,93.48899,7.5742145,845.4717
1.0904254,37.716324,0.01682223,95.666306,2.8791757,685.9545
8.823932,31.014523,0.5433954,66.05811,41.815235,1285.4816
9.286871,26.41229,1.2561553,71.533516,36.923264,2405.5024
1.1328427,36.18744,0.032685414,96.282,2.985944,735.1885
7.2787075,26.747997,4.2224226,62.181488,28.594872,2966.1414
8.311475,26.852356,2.973032,60.332138,35.660862,2168.9143
2.7672899,32.07694,0.11576884,91.56166,7.4668922,1076.6685
1.416767,33.515976,0.19882536,91.41789,4.408561,874.32196
6.536746,30.877415,1.4545333,80.169716,30.075674,2047.537
2.1062312,33.01204,0.8107491,89.467316,6.9679174,1253.8464
7.9269114,28.052395,3.372181,65.61516,32.8063,2809.9478
3.487702,33.591816,0.9549228,77.49627,14.277175,1184.5203
8.917344,29.447718,0.91067284,66.83962,39.457825,1669.3994
3.635645,29.853874,1.1317842,84.301216,11.938078,1505.4142
8.6659355,28.570251,3.1302938,64.623505,34.199604,3219.5735
8.024063,26.856352,1.2067051,75.88489,35.023674,2748.0361
8.640647,28.76814,1.8222904,69.65687,35.23656,2155.3713
7.5225635,29.10231,2.5321317,71.33836,27.070448,2612.3408
8.999404,27.865053,0.85240775,64.485565,38.127872,1704.9636
3.653703,30.206253,2.7767017,82.41702,16.126047,2163.348
9.472155,32.20369,0.23558412,68.14769,41.462,1538.8082
7.0935893,30.44018,1.491649,72.92414,30.110289,1809.7201
8.425906,29.363405,2.6477816,49.208954,37.211468,2004.5475
9.4613,24.8057,0.44006595,59.562145,41.708603,2086.635
9.562355,30.438591,0.34999248,49.66226,43.95456,1326.5476
8.160568,28.069304,1.8069636,72.85242,31.826101,2049.2632
9.865261,30.885197,0.07388892,40.816036,46.050266,909.6846
4.2573037,33.02376,0.57369024,89.51055,12.337447,1357.6613
9.09708,28.402401,0.6716674,57.064323,40.381775,1579.9507
8.536022,28.119213,1.3580221,63.459774,38.798325,2315.149
9.500118,29.79981,1.7179657,64.396515,40.370693,2058.962
9.691529,29.29998,0.14348939,68.00187,43.88439,1200.7054
8.300311,27.700636,0.96410465,71.32859,34.267086,2451.0505
1.293077,36.65575,0.38070732,90.895004,4.2581296,836.1252
9.359627,30.455362,1.1329371,74.08267,38.124207,2425.7593
1.4182338,35.943214,0.14284487,91.80651,4.858111,805.7598
7.63335,27.50013,1.8945243,63.525562,34.791714,1983.1616
6.041949,27.121983,1.321864,70.14813,29.75744,1480.5587
6.506802,27.835453,4.0013356,60.003044,29.436419,2268.939
1.3711731,34.26553,0.30944413,91.69221,4.4391456,908.6388
8.916463,26.972761,1.0717952,60.415718,37.838512,2091.1448
8.851701,28.256063,1.088168,60.56985,38.613747,1715.7192
6.376598,32.25244,2.7235913,69.078255,31.609753,1438.0691
9.837083,28.646444,0.110177256,58.48396,44.73095,1155.0039
8.98711,25.26305,0.83540875,63.984264,40.038006,2043.3658
9.107562,29.384327,1.2704502,63.534233,40.032513,1916.04
1.4065284,34.246376,0.3642501,86.89137,4.783405,798.5647
6.394551,27.268997,1.557489,75.37034,20.83281,2345.0776
1.2506505,37.51563,0.18580069,93.42858,3.7432828,759.27936
6.616075,32.54945,0.8651752,86.0817,22.100239,1733.8711
1.9750988,34.011475,0.1613342,86.44271,8.9798355,773.813
8.622703,26.849897,1.9265628,60.13738,37.629944,2047.6179
2.3670714,34.0397,0.07748834,91.812225,8.427958,939.0897
9.1354265,28.018847,0.70954996,77.09716,38.43391,1978.3864
7.7610946,29.842329,1.011737,81.16476,32.13074,1786.0599
9.030588,26.836174,2.190633,61.05695,37.06939,2623.2734
9.7168665,29.93263,0.35578284,59.87523,42.982765,1591.7551
6.3842807,26.166914,4.4495993,70.73477,23.383856,3577.043
9.619645,31.276255,1.0079654,55.508884,42.3502,1861.9144
8.218404,27.085716,1.77602,63.997192,36.44704,1951.5697
2.3883383,34.556072,0.43470567,84.87183,10.007821,895.9248
1.0641751,39.036175,0.01744059,97.28353,2.8091645,690.2845
8.419471,26.86286,2.0470881,75.71189,30.679348,2411.0933
3.737737,33.266796,0.51881987,86.14954,11.372553,1042.0465
7.586344,30.37604,1.9478972,68.23128,34.157124,1621.8374
1.3695942,37.267643,0.10893007,91.5679,4.6627383,755.04266
8.721748,26.971544,1.9667239,52.423725,38.354572,1926.2928
9.236644,30.487225,0.5236029,70.90751,40.355904,1807.2068
7.4709296,29.910957,0.83204794,75.23745,33.014202,2057.0208
8.402722,26.725012,3.010847,53.623417,35.92635,2303.786
7.8705635,32.69832,1.5663714,57.297276,36.655674,1465.2266
9.837142,31.090614,0.061551873,52.63916,45.455215,1072.1487
7.731081,27.820353,1.3553376,71.4284,32.50912,2087.1682
9.716199,28.353327,0.22948207,76.09817,42.54261,1607.6061
1.0989693,38.348083,0.06479488,92.31592,3.0644684,694.1769
6.145889,28.553574,2.8797235,74.13476,25.342125,2205.7908
8.40781,26.664442,0.88181126,62.60295,37.65877,1475.3989
4.980698,30.890135,4.4559054,74.87288,20.96533,2434.3745
1.2466426,34.296597,0.21306181,90.553894,3.792278,853.533
7.150567,29.27676,2.6067743,60.70761,32.048492,1747.7625
9.354785,27.35834,1.3099135,68.62221,38.118237,2540.5796
9.383505,30.099043,2.0931942,65.2474,39.637764,2086.3164
5.4992747,30.759674,1.0614743,79.28249,19.38225,1963.649
3.3458157,31.186932,2.9348886,80.754166,12.927929,1802.3938
7.047258,29.851059,2.4907448,82.28833,21.409014,2517.194
2.29379,34.021046,0.11105366,93.499176,7.7035975,893.88275
1.0850154,37.541763,0.00898397,96.388916,2.9443192,694.2776
9.59433,32.104702,0.43005684,47.890617,44.299072,1051.9983
1.5189395,35.270218,0.12676007,93.25619,4.884408,890.77905
1.3371712,37.03667,0.055445563,94.40627,4.082766,792.9038
2.8717687,30.383371,0.7141682,76.8119,14.024255,980.5719
9.447117,28.027035,0.6525583,50.070232,42.889767,1530.354
9.63123,30.203722,1.5435964,65.7312,40.609352,2217.168
8.345938,29.57719,1.5247986,61.804646,36.80873,1666.8965
1.5869058,36.339264,0.3834156,93.29324,5.038836,1001.0358
3.6321876,34.043148,1.0938387,82.02812,16.799696,1294.9452
1.2180326,36.28615,0.10838054,94.62475,3.550194,808.00836
6.291544,27.919258,2.0514717,64.29061,28.939844,1617.4946
1.2893871,35.594242,0.17571427,92.55225,4.1613345,819.5811
8.7693,24.816788,0.82709587,61.97576,39.135345,2183.439
8.558097,28.887926,2.22665,65.98627,37.263897,2508.8694
2.0699658,33.665108,0.7913127,89.64262,6.53322,1206.0748
2.2182508,32.965355,1.4445709,77.62046,9.701047,1042.2828
1.475712,36.07722,0.06973756,92.69439,4.7717676,773.7813
8.435815,26.597706,1.3079634,63.114708,36.11047,2033.4225
9.533472,30.474642,0.8320821,44.767063,43.06865,1630.4918
3.5158062,31.115011,1.7288847,77.293,12.722667,1542.5831
7.1905737,28.230703,2.5037265,71.38829,29.422724,2102.5645
9.895692,29.337788,0.09791764,65.63117,45.07013,1334.3708
8.047938,27.596563,3.1726532,57.90548,33.542213,2565.0608
3.0940237,30.004753,2.7518156,65.06473,14.486685,1467.3334
4.8927994,31.560741,2.5865304,86.492065,18.88051,2260.9749
1.2798722,36.281754,0.14269206,92.7196,3.8859766,836.7485
9.726378,30.412079,0.5121005,54.452663,43.48383,1675.0953
8.426986,25.687881,2.0807812,67.0646,33.477634,2856.3823
3.599676,29.719229,1.9120476,77.45012,14.778403,1486.8276
8.403497,29.681799,2.4768572,57.38963,36.248672,1951.9325
3.2664857,35.208096,1.598064,83.78052,14.589168,1234.9685
8.945853,29.995974,0.8608405,60.18185,40.239304,1577.95
7.5410476,28.76843,2.353189,70.91921,32.168453,2161.8264
8.049599,28.923517,5.133789,63.55032,31.963427,3410.6304
7.9311066,27.535679,1.339544,70.847496,33.199604,2542.2212
8.819733,27.180723,2.3816984,62.682503,36.87937,2938.2854
8.007022,27.789537,1.4305432,63.31023,35.89732,1599.7897
1.7188909,33.454502,0.25460848,93.14815,4.4422398,1091.4497
8.043055,31.539917,1.8460375,79.616974,27.863358,2786.138
8.955314,32.344124,0.5827384,56.695923,41.90083,1301.5978
6.497067,30.523378,1.5200508,68.10978,28.994228,1327.965
1.2419374,37.222843,0.067337155,94.44727,3.82508,792.4077
9.816611,28.914724,0.2801301,67.68194,43.842407,1316.7919
3.5762827,32.768635,0.7299508,92.46416,10.586651,1668.5242
3.140776,30.455317,1.533355,70.47446,14.836158,1185.1545
6.0731845,28.793491,2.713234,78.13148,22.663517,2345.372
5.5937037,29.325972,1.8603278,82.63227,20.389605,2406.5269
9.05111,30.031622,1.9670521,50.46098,38.829758,2219.8684
4.677899,29.732672,0.6428513,85.33665,20.893764,1712.4099
8.288511,29.621485,3.5031614,63.017418,34.703243,2528.2527
4.2172594,29.77835,0.39078745,87.35414,12.869285,1350.9381
7.4428067,29.88142,0.926392,83.21188,26.022472,2269.6692
9.445279,30.297762,0.28939298,58.822742,42.40699,1291.5957
8.821301,30.809914,2.2901828,56.456528,37.05867,2349.843
1.4678804,37.28497,0.10912978,96.288376,4.4018245,842.42
5.2119493,27.704012,0.9604635,70.60906,22.416307,1149.339
2.5721488,35.017406,0.39244455,88.88534,9.4552355,995.32446
9.461896,30.44752,0.8909349,54.505806,42.108906,1652.3911
7.478387,30.300495,4.6779065,70.3759,30.446695,2925.7673
9.140812,30.40982,0.94168395,81.10868,34.317993,2243.4285
8.061566,25.833975,1.1206455,74.48866,33.920166,2414.9465
8.8974905,29.448648,3.5960262,56.38534,37.01459,2501.8728
7.749062,29.36938,1.4406657,65.26256,35.551388,2014.3864
8.738094,29.166801,0.32505816,67.392815,40.141502,1210.449
9.288365,28.21059,0.8201821,52.525845,41.946136,1687.447
4.298237,31.820587,1.7566997,72.61553,17.038074,1374.326
9.655548,30.215502,0.37691125,55.088688,43.6137,1554.5476
1.1585262,36.716923,0.06525966,95.21716,3.3530939,744.1078
5.575836,31.12323,1.2588098,84.43975,22.38665,1922.4636
4.5666766,31.116528,1.4312638,71.88492,20.976305,1402.9982
2.6805222,32.364735,1.4353423,74.640396,12.543292,1202.9191
1.1041342,38.117634,0.0782906,95.463646,3.1483576,752.0572
4.4388146,32.51656,1.5188231,74.20715,17.721003,1512.966
9.632867,31.000849,0.23829366,50.40453,44.390713,1391.5374
1.0459727,39.4384,0.006263903,97.347664,2.663706,673.80927
9.303593,27.16183,0.9700297,52.627777,41.21245,1545.5197
7.583377,27.55093,0.5006496,78.785385,35.794456,1862.318
1.5190712,36.785847,0.3824839,90.867134,6.5327435,841.9617
5.4342513,34.301956,0.8474805,74.47677,25.021114,1103.8291
8.357323,28.046558,2.9462657,69.89436,33.96455,2906.7822
4.7556267,31.054901,1.5954524,71.64496,19.84128,1439.9376
7.764192,28.641623,1.7335185,66.085396,34.3508,2172.2764
6.262983,25.965548,3.4208174,66.59047,27.05435,2262.6558
2.7453089,31.069073,0.32434356,88.73672,10.388789,1015.34467
5.9405675,28.930988,3.1906762,72.67038,22.732212,2021.5149
8.857759,29.445576,1.3506439,51.24542,39.932987,1572.1993
4.808098,32.088417,0.69451785,86.76834,16.717989,1398.7577
9.641747,30.057278,0.39988944,48.306614,43.620823,1279.7719
8.601346,29.871744,0.7611276,68.29545,35.995808,1751.3118
1.066872,38.960186,0.014922104,97.36483,2.7958436,694.1836
5.065534,30.346857,1.9574286,66.449814,20.862017,1741.2267
1.2591877,36.40929,0.06994307,92.55497,3.8413093,738.94574
3.0803857,34.387383,0.06379422,92.74753,10.281947,923.48376
7.8563943,28.286402,2.5387,69.971085,31.192915,3151.0461
1.1661114,38.471577,0.059211046,93.98571,3.2654307,701.8286
1.7984048,33.73707,0.8286686,87.243546,6.1809855,977.75073
9.341275,31.289034,1.4923689,64.22682,39.304924,2293.4912
1.3963664,36.295937,0.2820228,94.531364,3.552177,940.5754
2.7534573,32.911304,0.5146893,92.55012,9.980198,1424.4971
9.700706,28.337059,0.29318866,66.31513,42.489754,1954.1147
4.404848,29.195341,2.0461707,69.977905,20.538506,1579.3096
9.02023,30.305998,1.0828801,50.773758,39.834145,1830.4978
9.0400715,29.79457,0.7061244,46.362476,41.01065,1187.2198
8.733725,29.44377,2.6110005,64.53027,37.09027,2051.1084
9.012861,27.996695,1.7044308,59.151005,39.109016,1848.7598
9.2132,28.8327,1.0960346,50.693886,41.66278,1828.7576
9.429892,28.4529,0.73877287,57.48639,41.875763,1457.9276
9.576576,28.392962,0.5275334,50.07322,42.626873,1767.356
4.2474127,30.779684,0.89856166,77.419014,18.766653,1180.2085
1.2921834,35.149246,0.19740024,92.25605,3.8287036,910.7141
1.210153,36.424244,0.1853979,93.879456,3.4636528,850.59247
2.3169763,34.913353,0.69502485,85.636665,9.399678,1152.235
9.228345,31.13274,0.31178892,53.128998,43.472,1231.9893
9.527402,25.810698,0.45261273,57.238937,42.62878,1388.2766
9.408308,30.16501,0.49400303,42.89579,43.012493,1266.6781
1.899293,32.19554,0.47815907,86.716965,6.237375,1126.8597
8.666447,28.772896,2.459868,50.483986,37.84309,1959.256
1.1323562,37.878433,0.021304924,97.06623,3.2385805,727.71655
9.299846,30.651653,0.91888225,77.58165,38.741707,2140.6313
6.7301993,31.409788,1.4467052,73.4119,26.284445,1777.9156
1.0896554,37.88189,0.03716957,94.030235,2.951704,695.0734
8.025005,27.285784,1.5019325,71.20654,31.922953,2685.011
7.2897186,24.952787,1.8207879,74.81158,30.311245,2016.8649
1.3143457,35.376385,0.02203781,96.198265,4.38776,741.9507
8.975151,27.90752,1.2725729,63.202896,39.535152,1482.9006
6.5754538,30.708784,2.2631013,71.38833,24.82543,1962.6514
1.3553126,36.621857,0.09412711,95.91821,3.6575568,834.6544
8.707926,28.059753,1.8488187,61.487324,35.969616,2495.4648
4.2470555,31.807558,1.66043,79.16077,18.159988,1468.3009
1.3827341,35.707638,0.11628814,94.213394,4.3933425,900.43024
7.6987014,30.02973,0.92006934,72.06976,36.81608,1505.1863
7.8461375,27.068384,3.3692186,71.58665,28.94798,3228.591
3.3635013,30.325735,1.5220181,77.38425,13.605994,1535.7502
8.845848,28.513193,0.88812715,58.67019,40.905228,1856.5898
8.810614,29.896345,2.7032568,69.262474,36.27553,2632.7576
5.30616,30.290207,1.2678103,78.32366,22.536207,1924.0671
9.191298,26.748602,0.58232003,70.71654,39.98734,1884.5895
2.8768408,34.922256,0.9166746,74.22401,13.578209,950.2472
5.0764165,29.194586,1.1380342,80.81435,21.08273,1682.4329
9.612299,30.318954,0.28382292,45.623913,43.353977,1306.2272
2.5812526,31.38339,0.87935454,82.5852,8.54822,1396.357
9.110899,25.889942,0.45254105,70.21151,39.04308,2119.1633
7.063663,28.041548,1.5417413,71.92499,29.935356,1665.1493
4.162209,28.501045,1.1897415,84.66849,15.051386,1811.4375
7.654515,28.625977,2.0109894,65.377365,32.38479,2187.2134
1.4032226,36.29902,0.3826741,93.70461,4.438102,936.09735
8.379189,26.119253,2.127728,62.547695,34.651527,2466.2854
4.6867523,30.01252,1.3623625,76.59868,19.921871,1467.4888
5.373796,27.745056,1.5674447,80.42123,19.780315,2237.8706
4.2818785,27.844461,3.4106617,69.42358,17.99878,1800.6472
7.7943926,26.889835,4.256274,56.018723,32.58346,2968.983
1.0520048,39.06296,0.019704135,97.157646,2.6932147,691.2644
9.553047,28.257753,0.38968712,53.59928,43.22399,1668.1267
5.914823,29.091492,3.9832468,71.46518,23.491205,2860.7764
9.703558,28.159605,0.15761566,59.21461,43.363445,1657.7205
9.7927885,31.2005,0.09355757,40.672226,45.840992,781.6722
7.6385956,27.952415,1.2400385,70.72134,32.62094,2197.3838
7.9091735,28.335455,3.012975,68.48923,31.328955,1980.3181
4.6769094,30.07671,1.857496,67.61886,21.765438,1216.9222
1.945051,34.33391,0.19751069,90.91109,7.8418727,821.40936
1.3372651,33.268124,0.21208817,90.748535,4.015916,827.8224
8.933422,30.455051,2.2608418,55.17525,38.652462,2268.3152
2.3054893,33.843018,1.8664746,75.96981,10.273836,1203.4951
4.825001,29.494059,1.4499115,77.04452,16.432556,1908.2607
4.748288,31.10889,0.942443,77.16967,22.789457,1359.706
2.6336336,33.954235,0.713687,80.21385,11.264704,900.10126
8.420355,27.696869,0.8450356,60.349987,39.089092,1345.2812
6.811256,30.648777,2.602149,80.47237,22.392214,2673.48
6.758265,31.838875,1.1821811,73.128845,32.0429,1763.9652
6.459898,29.184055,4.2624726,65.22996,29.267626,2058.2258
8.698724,30.088146,1.5366896,61.49152,40.302776,1672.7853
1.3082638,35.886333,0.24136484,94.46476,3.4988792,889.2142
3.2260754,29.94901,3.2062335,75.29688,12.183911,1826.0415
8.298233,27.829346,0.7623842,72.01511,36.922253,2388.0825
4.0767817,32.050343,3.0942428,77.65635,21.19255,1827.3635
8.866217,29.644453,1.7421197,52.580185,38.614967,2145.2349
9.259285,29.784525,0.7442038,67.04979,41.215015,1404.8271
9.010951,31.372988,0.8274125,59.40386,40.468838,1427.7041
1.2620866,34.73557,0.27731568,90.359764,3.729666,865.2875
1.1182866,37.399612,0.08666778,95.7925,2.9755397,763.9032
9.025121,32.000496,1.2382792,81.06075,34.456463,2270.8237
9.406822,32.97192,0.13408114,69.27914,42.180187,1316.9116
4.1216106,32.448956,0.45119974,85.84258,15.709387,1235.722
8.401325,29.440687,2.42237,72.3145,32.75105,2417.7268
1.5268716,35.952995,0.046831116,96.11322,4.3062744,806.5102
8.04997,28.0047,3.1261299,55.041847,34.896324,2308.553
8.85914,30.719952,1.3278246,71.961624,37.092392,2061.9387
8.884438,27.403637,1.2709427,69.397255,36.10204,2475.066
1.06464,37.053326,0.011058539,96.88167,2.7280653,686.36566
5.3006406,27.79832,4.331026,64.042175,21.804108,2344.2166
2.119494,33.015965,0.77365327,83.88834,8.314994,1033.8696
1.8162627,35.003986,0.17877315,90.89445,8.212152,778.42395
2.2576947,34.049892,0.47371307,90.69825,9.885512,1221.4615
5.234605,32.305744,0.7960589,75.52592,25.960094,1242.2494
9.28769,26.772755,2.3224754,59.619553,38.297314,2796.426
1.2564486,36.35521,0.24064611,86.64288,4.4773555,757.5048
7.4034343,28.902899,2.350946,54.531834,34.238716,1582.3619
1.942352,34.152054,0.20640919,92.53338,5.641332,1015.7048
8.374572,27.129175,1.3320453,68.97174,34.49224,2387.2507
8.319949,25.816456,0.6119981,77.10792,35.50876,2140.2656
9.576976,28.489609,0.50480956,65.266045,42.431313,1882.3138
1.7030244,34.454765,0.71358407,89.28563,5.9310365,1177.3229
5.4991517,28.894999,2.4468844,79.07053,19.20999,2140.2605
3.7190762,33.13858,0.49604708,87.69185,14.681776,1316.6898
8.846682,25.687447,1.0266123,57.063343,39.39702,1736.9427
5.324826,30.587109,1.8852572,79.0772,18.640198,1978.0807
1.8312407,33.049477,0.800075,85.17873,6.136843,1047.4257
6.6784806,31.28524,2.1591578,76.73094,27.701569,2140.0737
6.834533,28.622131,1.8986403,71.19558,27.370089,2143.145
9.675226,29.601076,0.24415755,48.707706,44.000458,1192.7579
1.2118464,36.148655,0.14354394,93.49252,3.728497,788.38086
8.456889,27.36315,1.6814896,55.05169,38.15283,1823.4764
1.2051761,37.497402,0.1064919,92.4934,3.6640143,754.34393
3.986851,30.426947,1.3006864,84.15455,14.17706,1696.459
2.8806891,34.400387,0.657636,91.06986,8.4391,1300.4574
4.6575885,32.384422,1.816746,80.1517,17.036552,1708.8583
9.049643,24.808176,1.0342319,66.522385,39.374344,2164.3
9.253312,30.276735,1.8468553,58.176174,40.41245,1925.4338
8.763931,29.892754,2.238305,49.227,38.644096,1929.2865
1.3500634,35.553707,0.1021289,92.31925,4.1629457,789.3305
1.1410285,38.552357,0.0062034354,97.79102,2.9065523,714.26135
2.0880637,34.60233,0.23821756,94.44683,5.389334,1086.751
4.1951118,27.508158,2.5950558,77.83996,15.889301,1665.4275
5.581293,32.261112,1.712567,71.64299,28.344172,1480.7478
6.911516,29.110285,3.1186483,71.78702,27.375158,2728.6528
4.7348604,30.615696,1.6906741,79.59779,18.919275,1786.093
5.527949,31.182018,1.645798,84.01492,19.942211,2208.4224
8.427348,30.706688,0.663284,70.14093,38.551533,1935.6995
8.923377,29.368055,0.4782404,69.71502,41.05532,1470.515
8.936957,29.16389,0.3435425,76.23438,39.803673,1607.1023
1.2692826,35.937714,0.0458352,94.30873,3.750797,748.2383
7.096726,28.39675,4.0405564,70.83635,25.914133,3555.2168
1.7440675,33.761677,0.32700184,90.93648,5.8780217,996.7844
8.873427,28.463385,1.238269,57.85041,39.834057,1855.1451
5.080204,29.346378,1.7170444,78.48121,15.996357,2187.5044
8.626899,27.47523,1.3428807,65.22955,34.169216,2832.4326
9.483481,27.793894,0.62913036,55.260838,42.206886,1604.0171
6.705725,29.77816,2.7530222,72.26078,26.81174,2648.3157
4.8406262,29.967588,1.4443213,77.134476,17.696058,1817.1409
3.427549,33.048233,0.8615178,82.89332,13.929274,1354.9633
6.529368,31.0882,1.610681,89.51552,17.565083,2108.109
1.6318623,35.98301,0.45549724,88.082954,6.087489,970.0772
9.130538,29.396484,1.074329,72.21101,36.84019,2312.3135
8.306388,25.092358,0.86158663,66.75265,37.821335,1836.3588
9.2492895,28.620234,0.8207006,56.756096,40.8162,1638.1652
7.673732,26.068531,4.061652,61.689636,31.106895,3381.8865
6.84977,27.275434,4.579083,68.06191,29.597382,2766.6235
8.635785,30.393684,1.6294441,71.884926,33.76155,2556.2705
1.5494814,34.050526,0.124167666,91.58578,4.7336655,853.6314
6.28946,28.866264,2.646428,78.423904,27.023695,2840.04
2.2727683,34.51277,0.44826752,88.07392,9.706565,1126.4238
1.821798,36.131077,0.035733886,95.95506,5.821629,846.6866
9.407801,30.19364,0.37869656,65.5661,41.199665,1678.0153
5.9068775,28.386328,1.5350305,82.17864,24.01014,2211.8284
6.763078,29.226181,2.9673758,63.798927,27.913666,1917.7723
3.1721687,32.54121,0.84051543,85.30907,12.549814,1519.3354
8.510571,24.144175,1.1492606,60.4873,37.53784,1908.7762
3.1399941,34.647026,0.78568506,79.08249,13.796502,1077.8552
9.875798,31.169132,0.1227573,54.21914,45.34822,1298.3015
9.716391,32.042374,0.4888782,66.123436,43.27003,1575.9884
8.713383,28.796825,1.0875095,69.88977,33.661167,2531.6028
8.897609,28.726765,2.3997488,66.751884,34.54864,2943.2214
7.275738,27.361504,1.4324648,71.631,29.400616,2664.7744
1.2934065,36.23325,0.40093732,90.95905,4.29942,849.7087
9.364903,28.682909,0.4797117,61.92343,42.731373,1414.4669
6.8473883,29.078848,3.526201,66.4863,27.749664,2287.0083
9.665337,27.161015,0.34925812,52.857704,43.86562,1426.5638
7.3308053,28.69398,0.6881125,68.274155,37.418964,1321.3092
2.493956,31.996014,2.2083664,75.06512,10.6263075,1087.5171
9.362987,31.145664,0.8755628,47.53005,42.20921,1424.2412
8.219277,28.307758,0.48344433,69.03139,39.241207,1633.6193
7.560156,29.529974,4.1765447,60.13681,30.692148,2160.7336
3.8256562,34.054398,1.3798476,75.50172,19.354929,1064.1163
5.884729,25.245535,3.634764,62.430923,25.904852,2007.6251
4.2777276,33.26446,1.7209252,76.31853,19.86588,1362.2577
1.0723772,38.641808,0.01686601,96.67282,2.8628314,704.43176
8.825653,27.631742,0.37964496,66.6689,40.690876,1879.9711
9.2831745,29.272123,0.99832416,55.971573,41.07999,1689.2129
9.558029,25.510124,0.39935756,58.144985,41.777164,1962.607
9.642525,26.789055,0.15308237,63.015797,42.666275,1686.8269
9.63607,30.08172,0.39376944,58.13579,43.486553,1515.7516
8.774179,26.580008,0.6634976,67.986244,40.791878,1269.048
7.3448353,26.967094,2.1061044,76.30989,29.765873,2685.62
1.1620312,37.394054,0.080919765,94.86528,3.2628179,766.7689
6.9721684,28.876925,2.8644693,77.562675,25.251188,3030.4229
2.5936925,32.106155,1.9538516,86.42397,10.0931225,1750.582
8.65239,26.876247,3.2812247,69.37336,31.253546,3730.033
4.4974704,29.833744,1.3540475,76.43839,18.158484,1624.5596
4.3073254,27.818584,1.5759941,73.65792,19.250486,1734.3704
9.13115,30.397215,1.7853168,57.478485,39.150658,2039.8544
7.35308,25.445105,1.1462897,73.56695,30.46304,2877.0552
9.4685755,27.544025,0.5742532,74.14808,39.471565,2086.7874
4.562846,31.265202,2.388452,66.68337,20.876192,1753.0094
1.4801797,33.072636,0.37331063,85.45524,4.935839,1004.6523
9.268267,28.46026,1.376016,66.6889,37.66249,2502.094
9.539026,29.074076,0.6302331,48.294353,42.291977,1549.2463
9.084759,31.652882,0.5170037,54.637333,42.121696,961.90814
9.2655525,29.556858,0.6251359,62.499363,39.809246,1690.988
9.408552,32.097744,0.67924696,48.78023,42.877254,1286.5128
9.869088,30.377626,0.09002854,62.508137,45.895126,924.6101
3.8706641,30.857613,0.98476505,82.53081,13.757252,1589.4663
7.0872593,28.184649,0.94215333,84.42934,28.414383,1933.4066
1.0478041,39.08487,0.0023083186,97.98973,2.6471105,672.5527
8.549332,28.225908,0.848691,68.622765,38.271484,1758.8628
8.227982,25.289932,1.2531008,60.697407,36.140533,1486.6309
8.873807,27.72203,0.661933,56.908535,41.77317,1462.9072
9.240174,28.443523,0.58487177,61.700817,39.766514,2399.832
9.35877,30.60109,0.68619275,53.045055,41.27421,1700.6084
8.761321,29.09123,1.2328023,75.88655,33.36452,2313.5198
7.333287,27.138758,1.1928524,74.3943,34.39075,1918.21
8.52476,30.225042,1.3099265,75.03071,37.17584,1544.8481
2.1319592,32.53163,0.29187495,89.424774,6.2582517,1044.7844
2.2717764,32.761528,0.7022007,84.04668,10.950372,1072.6492
3.3067164,31.006927,0.7223181,80.70616,14.994604,983.9879
9.288568,29.646748,1.7398648,58.121464,39.76952,2224.6091
1.6431534,35.490757,0.0792608,91.95329,5.2651653,854.29755
7.9697905,27.632229,2.7230818,68.46006,31.972254,2645.0657
9.277236,28.487207,0.85215515,66.72731,41.600304,1737.6187
7.496401,29.197584,1.8182049,69.82132,34.395466,2301.4712
1.0547441,38.782322,0.017690593,96.95891,2.704896,690.0364
9.421761,28.15519,0.9176622,61.45619,40.315247,2061.2502
9.129001,30.44923,0.5618854,58.151962,40.100048,1634.4668
8.117219,30.330479,1.1064342,67.457184,37.331974,1738.5542
4.7708864,31.016932,0.98015636,67.00879,22.510004,1015.49133
9.400549,28.233757,0.8541724,70.87428,38.551327,2089.6218
1.9822135,35.149437,0.3771851,87.18951,7.867124,1026.7917
2.0604038,31.996332,0.45293814,86.996994,7.207647,1040.688
8.7733555,28.921707,1.7795379,60.706985,37.47012,2304.8254
2.4488304,32.591812,0.4956673,81.943985,10.76398,1074.3484
8.170809,26.678263,2.9767857,66.79057,30.621748,3381.9878
6.077649,24.851032,4.359633,62.84161,25.499361,2612.7703
2.226991,31.613476,1.7936993,78.99802,8.415352,1316.4346
9.717088,26.476824,0.12838446,67.80879,42.91712,1517.0967
6.831933,28.565023,1.6835544,63.59241,32.72592,1665.9359
9.042911,27.371174,1.3273691,67.71858,38.41401,2185.0964
9.251382,28.08513,0.7155558,67.79386,37.82762,2386.198
5.344294,31.864965,2.1693594,75.70532,20.622547,1977.5997
1.5198951,33.54156,0.3913191,89.26647,4.427417,1084.2831
9.75223,29.175404,0.2508451,50.825546,44.281357,1198.3177
1.2670192,35.956665,0.2211024,88.695694,3.9585412,786.3383
8.495679,25.59178,1.0665103,68.763695,37.239304,1864.0139
8.919381,24.964941,0.62707996,59.48191,39.70686,2097.6018
1.5186572,36.499348,0.24665506,90.65938,5.7445803,843.381
4.2654796,31.528524,0.42691946,91.421,16.932655,1790.517
9.740844,28.593372,0.3473645,56.67845,43.857994,1404.1821
5.0497475,29.71031,1.5767792,80.59685,17.800573,2027.5526
1.4009606,35.01291,0.30809698,88.64445,5.108644,906.8793
1.1664253,35.951035,0.087062605,93.91577,3.1572406,791.05524
7.4066944,27.125927,4.540439,68.60768,26.54974,3329.461
9.603624,30.533926,0.30665404,58.081924,44.21303,1171.662
9.320327,28.059359,0.6744556,60.90847,40.909447,1835.8945
4.0694513,33.52832,1.4263864,78.3007,17.570618,1273.5869
1.1904135,37.08567,0.034125235,95.31269,3.4134252,767.94916
1.7903609,36.039776,0.44072333,82.98654,6.086605,844.7845
1.533014,33.82526,0.25135356,89.89964,5.151073,916.99493
9.4195595,25.463186,0.8592469,67.811554,38.314842,2546.6394
9.601568,29.216362,0.38719994,65.670105,42.678764,1732.2345
4.013307,30.542028,2.7284536,80.0816,15.02764,1730.1085
1.2764267,35.091347,0.25485402,89.49175,3.9929533,851.74316
7.347603,28.971869,2.039894,75.599075,28.98551,2834.0747
1.9401187,33.786934,0.68003607,89.595924,5.3540807,1230.5544
9.326161,26.165607,0.5547447,66.19966,41.070015,1871.577
9.434927,31.080872,0.3248489,55.09788,43.716236,1452.181
8.173793,29.008768,1.6877921,59.59086,36.886375,1659.174
1.6295244,35.657146,0.27212703,91.53773,5.7415996,936.5824
8.523103,29.972584,2.2868283,61.82962,36.771423,2091.9197
7.749599,31.211018,0.9956017,77.082756,37.322586,2139.059
8.9817705,26.35839,1.3179837,59.70997,37.10339,2914.1694
3.7432778,29.26196,1.0372626,81.879745,14.075202,1661.2847
5.4745913,30.436913,1.76361,82.44117,20.102623,2241.8145
2.8222349,31.595528,0.17770286,84.199814,13.322423,952.9756
7.4115944,32.387737,0.9957618,79.32174,30.406513,1533.2219
9.841474,31.584028,0.080026016,42.4982,45.701447,961.30347
1.8740255,34.725742,0.17865974,94.583015,5.1701746,1025.8898
1.1761984,37.165855,0.12877096,93.719315,3.4971771,793.134
9.018905,23.74549,1.0005485,52.436512,40.528847,1721.295
9.379063,27.319979,0.2916847,70.59054,41.70066,1688.4984
8.937268,29.922348,1.4544054,46.58075,40.304634,1691.2212
4.1574097,31.811874,1.2496946,84.35145,19.690453,1506.3871
9.044031,31.893719,0.7473056,53.335796,42.04738,1265.5193
8.0954685,26.709978,2.3869717,74.75503,31.60757,2821.3035
3.6173384,29.545694,0.7898458,78.24708,18.547386,1048.7892
7.333514,28.425636,2.481017,75.12829,31.446653,2831.3289
9.023771,28.835289,1.1643792,52.81781,39.64279,1967.8783
3.3478935,32.87924,1.0530437,76.17499,14.663183,993.5423
8.99621,28.4004,3.0262606,57.491856,37.777805,2739.321
7.7258186,29.900778,1.3634938,67.99087,33.48847,2274.4263
3.9045048,29.432648,1.2901473,79.19018,14.108244,1475.1439
5.7083983,31.441998,2.7496219,68.80494,23.500235,2056.7874
7.2292533,30.331459,0.82307994,68.6303,34.849922,1057.6285
2.1985023,31.772968,0.4125004,88.2475,7.6091323,1047.3654
4.4914727,30.584938,1.051849,74.8601,19.798933,1441.9552
4.4375286,34.014957,0.70925856,85.424065,16.48838,1443.5581
9.560759,27.245718,0.2018971,59.54909,43.15247,1412.019
9.383899,27.845167,0.39321038,72.09248,42.26499,1405.3328
1.2649767,36.82282,0.16176733,92.05264,4.2086015,768.5558
8.36149,30.160662,0.60643595,73.2224,39.162483,1644.8594
4.857041,32.590454,2.3944142,60.408524,22.606993,1163.0641
8.801766,29.55012,1.9004666,75.92676,34.410576,2326.6533
5.5537324,33.114388,0.069543116,91.27426,22.508656,1022.58057
2.5546813,30.483797,0.6337588,81.27187,10.015371,1075.8549
9.337126,30.447058,0.18813556,54.389133,43.586052,1158.3657
1.1034029,37.790073,0.089095086,94.78638,3.0158308,743.96643
2.123724,31.056686,0.17737849,89.6618,6.4294553,984.6847
7.245468,29.739695,0.88180554,81.91434,24.674551,1663.844
1.3772755,36.188774,0.24941851,91.10967,4.57706,838.3006
2.39903,35.201366,0.19272687,93.70812,10.592773,1060.9343
3.7447293,30.416725,3.1600473,74.9459,14.819317,1872.3867
4.1173162,29.550137,1.1609826,75.79864,18.038582,1391.9468
1.3534814,36.463573,0.2833131,94.61097,3.9748795,938.0165
5.031191,30.721073,0.45553917,87.214676,17.578987,1266.0751
9.34079,28.759266,0.78556526,78.58772,36.61251,2533.015
8.67408,26.642872,0.6334384,79.878494,35.707203,2356.664
7.458147,29.146278,2.819546,63.612236,32.18304,1871.8783
9.5419855,28.069244,0.25346053,68.26787,42.644188,1653.7283
6.5875278,31.701141,1.1255199,84.450836,25.312967,2195.093
2.61438,31.010334,2.3140254,80.23801,10.458523,1563.179
4.606911,31.90965,0.6645985,89.22811,18.318758,1569.9331
9.205742,25.99531,0.47110763,56.509953,42.35734,1192.6501
1.0691538,38.40077,0.035730258,96.70033,2.7559152,709.8385
6.503145,30.023848,2.2631013,68.96109,28.577045,2189.6265
9.3699465,28.51295,0.62958795,62.308674,39.783493,2011.3789
8.879998,30.915562,0.59626514,81.626495,35.6223,1680.8494
3.4424953,34.972645,0.76951236,93.40524,9.820634,1544.2114
2.2593172,33.351036,0.3005287,91.93054,9.707723,1174.5892
7.128946,26.729244,1.6597342,59.489597,34.474804,1522.8129
4.578357,29.931526,1.5607219,76.80939,17.53865,1657.8932
9.273979,27.59954,0.53098273,54.708336,41.711563,1479.9667
7.55883,29.913877,4.399874,70.6776,27.781967,3330.501
8.721409,28.870344,2.1746848,61.28084,37.8896,2288.783
2.4967356,29.692255,1.026768,76.12826,9.934195,1104.3271
1.234793,37.16182,0.08094757,95.14909,3.5277,816.0633
7.992179,30.825462,1.2644227,67.737656,32.777287,2311.5059
2.847353,30.978779,0.691168,69.934715,12.714322,895.33795
8.511097,29.726017,0.92594147,70.84623,34.32256,2102.584
6.822194,26.299265,1.9013836,75.67297,23.700953,2867.0095
7.835685,27.716522,2.3742464,66.966225,32.604828,2263.144
7.3963003,29.921925,1.3838296,72.544525,31.49514,2238.1987
8.086534,29.112457,3.3027163,64.793564,32.90931,2411.697
9.054412,28.828115,0.9174597,70.474525,38.204136,2257.109
9.065477,26.660368,0.78734565,58.19238,40.162266,1653.5807
2.0637805,32.76756,1.1777298,88.54647,7.030701,1345.3662
9.4294,28.687683,0.5945315,57.057888,42.88963,1351.8325
5.8968973,29.896032,0.41923103,83.829666,19.894459,1446.2332
3.500089,32.412838,0.9510588,86.4039,12.667201,1497.5813
8.653638,27.120382,1.4036957,60.92062,37.944523,2320.641
6.772003,26.600687,3.8245196,61.462868,28.439068,2550.9143
9.674486,29.93534,0.09465384,60.457695,44.381275,1165.703
2.6545763,33.674747,0.2741056,89.95477,8.846276,1122.179
6.6185946,31.096674,2.6478004,65.871445,31.586353,1482.1854
8.341827,29.308474,1.4562479,62.242332,34.48166,2310.7742
8.821662,27.277815,1.2874268,59.481888,38.25292,2285.9138
8.663475,29.342432,0.95097744,80.353424,29.703558,2394.345
1.338765,37.145584,0.11404566,95.06576,4.8191857,815.39453
2.1089647,33.400734,0.1809108,91.28842,6.8144836,957.15485
1.375326,35.183044,0.30470505,92.09893,4.1323743,945.5635
6.839452,30.849194,1.039572,76.74651,24.846317,2018.5769
3.385127,33.491814,1.1909059,77.545364,15.933036,1271.3617
8.098397,27.802078,3.3380828,61.194077,33.35486,2441.4502
3.7000635,33.197483,0.15868706,92.49616,10.588887,1037.5706
3.8867786,32.41052,0.20798825,90.31136,10.665458,1368.033
8.785488,30.171492,1.4776783,58.660088,38.377357,1829.0403
8.520163,26.523495,1.846355,60.500473,36.274776,2693.5625
5.850817,30.303188,1.2620187,78.16255,23.132414,1969.4794
7.5741553,32.060947,2.3471515,56.81701,33.95118,1703.8461
6.2377067,30.645844,1.2366221,78.41722,24.008297,2071.0046
4.203586,30.609512,0.91758955,86.85264,13.119119,1385.0452
9.833093,30.626398,0.3079489,69.77723,43.702763,1625.4485
9.082383,29.336855,0.7223135,67.33396,38.986366,2365.1116
5.161465,29.935343,3.065955,66.4792,25.753586,1732.8245
1.667136,34.597145,1.0315616,88.785614,5.5762634,1147.1036
3.1161387,32.82781,0.4832977,81.58887,11.868363,974.3397
1.9917043,32.094948,1.2106098,77.39798,8.232551,970.89844
1.079709,38.288284,0.057019874,95.487114,2.9121957,703.0605
9.679903,30.501328,0.8978194,52.10185,43.40049,1731.8468
3.0851738,32.043755,2.577207,78.34135,14.532355,1341.8513
8.434268,29.410645,2.0699947,52.549625,36.8853,1927.4102
8.365895,30.69944,1.592674,70.135025,33.35331,2569.112
3.8331513,31.323786,0.28909934,86.6558,14.715008,1099.1254
6.291657,30.388176,1.79782,73.12422,27.51549,2056.241
2.7676291,32.7942,0.24483865,87.98218,10.524939,1167.004
4.52903,28.792204,3.7392566,79.24428,16.06183,2726.0325
7.6415105,28.813334,2.6608627,73.976616,28.398348,1985.2118
4.325789,33.23987,2.1729257,84.865814,20.927588,1739.4197
8.584028,27.040419,0.9990881,62.46618,38.24951,1790.0406
3.4929311,28.22977,2.7584155,76.423615,12.804196,1893.5674
1.3003592,35.57385,0.14105609,94.049576,3.6863444,891.7676
2.7491543,32.085136,1.7410805,81.97894,10.488656,1424.8993
3.3713443,31.053183,1.5733464,71.32952,15.787895,1253.9933
6.1539183,29.446169,2.8161979,81.07266,22.453106,2734.9702
6.76236,31.747225,0.8730042,74.8925,33.184425,1642.3892
1.5844437,34.659138,0.34700155,88.30015,5.1705966,989.5379
1.2526635,37.474957,0.17303377,91.82352,4.111187,750.95404
2.498338,32.784313,1.7848703,82.800095,11.270604,1343.4181
2.5558739,35.726933,0.44541726,85.50627,12.900706,940.9094
9.748026,26.1188,0.10036123,56.581577,43.933067,1437.2006
6.7443647,29.142431,0.35737425,78.48766,32.526955,1219.6439
7.7680054,28.977331,4.0997686,61.428608,31.648207,3114.853
3.5411472,35.728874,0.85764056,70.19749,18.053047,914.64636
7.347744,29.38218,2.1077957,69.85386,28.267355,2408.8015
8.606439,28.466291,1.0514982,60.670876,39.13969,1494.0385
4.590322,28.057314,1.6633214,75.30365,18.3982,1565.2864
9.674468,31.290688,0.2014119,54.42969,44.24003,1122.5586
7.8766203,29.54736,0.49226755,64.22116,39.173946,1022.3411
6.9744153,30.977934,1.5791355,79.1371,27.15532,1814.3821
1.0980062,37.374786,0.008724811,97.10307,2.7670965,701.198
9.497538,29.154833,0.4516027,66.07157,42.214123,1514.4191
9.485972,30.092098,0.28993672,51.91374,43.82427,1140.9689
8.967228,28.708904,0.9868528,59.3225,38.728897,1991.874
5.9401646,29.230713,1.4123789,78.79555,20.052094,1938.2441
1.1499972,36.98084,0.062436834,93.78493,3.53166,757.17206
9.123628,31.427635,0.7307992,52.55869,41.803474,1478.8022
6.865107,28.756617,3.3998797,65.92903,30.664206,2219.5269
1.593591,33.178402,0.44157413,88.95801,4.7457066,1093.8102
9.629558,28.734396,0.8858302,58.76633,42.26897,1979.83
8.543899,28.739258,2.4362013,53.86586,36.761078,2158.4214
1.0900859,37.698944,0.01731683,95.814156,2.9687996,691.6501
8.06996,25.62345,3.0486856,63.279526,33.26985,3037.3682
4.992712,28.872871,1.9505478,77.70609,17.524946,2249.755
9.935458,29.161114,0.0055594477,54.236073,46.648193,853.8099
8.631039,27.16046,2.7567232,68.3428,33.512123,3163.7817
9.302952,29.354368,0.67214346,66.2797,38.96083,1917.2932
8.46682,28.503605,2.082227,65.90765,34.920593,2044.3856
7.205655,26.788824,1.9869186,72.33984,26.76181,2304.416
1.1967765,36.438206,0.2616697,94.46129,3.4461432,822.4569
8.501392,30.121056,2.2974908,55.81332,36.839027,2192.6687
4.51855,33.547394,0.25903812,89.67811,14.51871,1118.9696
4.408717,30.172007,4.739768,76.184265,16.545162,2485.0828
9.478094,27.823126,0.567483,55.19511,42.087463,1932.3228
1.6927959,35.053432,0.17004319,93.837685,6.3107924,966.1993
9.224217,28.305273,2.5783665,63.551258,37.570724,2637.066
9.044784,28.84183,1.150009,62.81685,38.731808,2111.511
1.2561032,36.025784,0.30510476,89.77305,4.2002077,837.8204
2.6482494,33.580013,0.73772573,84.14778,13.186682,1168.8236
3.6185544,34.24877,0.43224046,83.95956,13.397351,1026.3914
3.7065904,30.486671,4.0304427,81.09009,11.571033,2516.1265
4.0607076,31.523598,0.9723362,80.94798,15.526457,1591.4216
1.9294508,35.92163,1.2840286,83.68831,7.7892885,1008.2771
2.3599823,32.311478,0.59671974,81.17994,9.604345,1017.55927
4.4779525,28.320675,1.0115657,80.1189,17.658798,1712.4296
9.641372,27.268194,0.39726377,50.364914,43.957493,1182.7422
8.646482,30.386522,2.3626516,60.72667,36.97912,2238.9175
8.798824,29.86174,1.1388321,75.21319,36.88719,2102.7646
1.886096,31.034632,0.4197415,85.31187,6.626132,1112.7856
9.802478,27.024761,0.013463932,62.689346,46.332764,745.74896
9.359753,25.656149,0.9743749,63.22242,38.613525,2584.0728
8.768371,28.777035,1.1763756,74.91391,34.495945,2648.476
1.6475333,34.83774,0.08481674,94.334,5.5524554,880.3708
9.601116,28.431555,0.34762743,73.03549,40.964294,1863.0524
8.611512,29.923786,1.6123662,53.34738,39.31951,1677.4076
8.596399,26.14103,4.2386065,62.856827,33.995888,3200.4958
6.9880805,30.06519,4.6952815,66.1962,29.139994,2471.8916
7.42179,26.816563,2.8121507,77.68927,27.661577,2591.2112
8.950358,26.084986,0.31746683,70.76258,38.395267,1911.883
9.304546,26.982468,0.2480725,61.196693,43.999752,1197.9775
1.4903296,35.872784,0.08333479,94.612465,4.7103925,852.99744
4.856773,31.10727,3.5561624,67.96045,21.690437,1635.9723
1.2135767,36.137756,0.3227315,92.6906,3.5182056,870.0265
4.8267446,30.06153,0.916604,70.47633,23.014765,1136.3427
2.5395954,33.31154,0.75613844,80.93092,10.013102,1063.3275
9.669378,32.096516,0.39948276,44.44939,44.058346,1340.0706
9.4242325,32.713684,0.2685441,60.145344,43.132225,1195.2303
8.879143,27.464443,1.588978,53.647038,38.691383,1675.6255
6.6894703,28.300573,0.5052961,80.23453,29.921865,1368.8451
9.883135,32.276577,0.141611,50.635445,45.720676,1071.2346
8.0442095,27.562658,3.4656565,59.248886,32.303844,3097.4067
9.629168,29.598318,0.60432446,55.102398,42.44829,1810.5881
8.864556,28.795477,1.8465521,57.158623,37.662548,2382.8306
8.878309,29.778826,2.5540638,65.20048,37.471382,2046.8577
6.378014,29.260754,1.7172197,74.13202,29.344227,1837.4822
9.178411,29.27847,1.1114087,54.777042,41.035206,1930.4132
4.1762958,30.171774,1.7282727,82.591354,12.259942,1959.6537
7.3289084,28.651613,2.4124923,71.99263,29.605902,3050.96
9.176803,29.669907,0.82431483,46.79958,41.520058,1355.011
9.297306,28.625883,0.819888,62.200615,40.646416,1839.5715
6.437268,29.434032,3.8665156,67.513245,29.994541,2375.3955
7.893981,27.300972,3.2287688,61.229126,31.776112,3044.241
4.241046,32.03265,2.6985118,70.934235,17.66111,1606.6234
1.1181426,37.42897,0.035695057,95.67552,3.1617045,721.6174
2.9323452,31.458776,0.44559976,88.64421,11.670445,1250.2544
8.977171,29.060179,1.8270136,60.37384,38.19948,2185.389
9.369268,30.762222,1.995589,53.146305,40.338924,2230.0903
4.230668,29.000137,0.5078479,83.907555,14.134852,1254.776
2.300056,32.180893,0.71313065,88.41314,7.7243376,1244.4739
2.2318702,34.150826,0.11971602,92.07376,9.683228,900.1792
9.25139,33.042286,0.5220448,60.97865,40.669678,1579.774
9.180617,26.529938,0.84818596,61.822304,40.461594,1899.0128
8.823969,27.787815,1.5750035,65.71727,38.001934,2222.6433
4.2322264,30.761906,0.7925448,75.94201,19.993895,1084.8834
1.045485,38.595947,0.004098061,97.254265,2.637892,672.6722
9.528137,29.721687,0.9940785,61.580288,40.3585,1967.6166
1.9416775,33.595028,1.3125454,80.00814,6.9988356,976.68176
8.116587,28.628756,1.7500608,64.799385,32.547718,2897.149
8.38703,28.719824,2.1765056,59.899807,35.44261,2012.3092
1.0988414,38.39822,0.034238387,96.27555,3.0083647,714.20966
9.284593,27.133764,0.33503312,57.76786,42.920467,1102.3066
4.6261387,30.827826,1.4198188,75.46413,18.221949,1384.1571
1.3593884,34.86064,0.22945738,89.87152,4.574323,853.4834
9.64167,26.467695,0.4698798,71.91078,39.945602,2188.741
9.706055,22.281525,0.15736271,56.952816,43.6534,1486.0715
8.108252,29.995157,4.759328,61.728943,32.835064,3033.1538
2.1101239,33.568176,0.76461196,88.12013,6.859021,1229.7522
9.009014,26.9569,1.1838311,63.5044,39.35364,1994.8678
8.719049,25.687792,0.79082376,66.79833,39.14326,2013.3557
1.3075393,35.322998,0.38818097,89.24115,3.9324596,852.2421
9.823108,27.229685,0.18980469,70.194374,43.47313,1500.822
7.4794874,28.445883,2.9248667,62.965496,32.48184,2307.1816
5.013201,29.431223,1.5159415,73.27603,23.473331,1636.0741
4.8465786,29.77149,0.96363646,84.345085,19.738068,1957.113
1.2650363,36.98906,0.27634043,91.64316,4.5322456,813.5177
9.561446,29.726896,0.54950273,51.89096,42.529793,1604.1316
1.5524781,36.705322,0.5323749,87.663956,6.8449073,824.17267
9.418,25.31725,0.26807055,66.00217,41.12788,1656.7336
5.337409,28.08361,0.5311159,72.369675,26.948866,983.88586
8.852659,29.990204,0.4634983,76.66729,38.435776,1820.9807
1.0695432,38.559685,0.022053232,97.06772,2.7785282,705.7279
1.6583831,33.934143,0.80863076,78.223595,6.16124,956.15796
9.189236,28.141422,1.0468737,68.50408,38.193615,1963.3661
1.4391332,36.564564,0.19820116,90.321754,4.6927366,808.67664
4.606057,28.562046,3.2591715,80.88908,16.734371,2381.1982
1.1737517,36.507313,0.08233238,94.33029,3.3191009,786.9983
3.1670082,31.197924,1.268802,80.42447,12.214518,1387.4175
1.0415173,40.032467,0.0018762823,98.09008,2.6107316,665.6836
1.6382483,33.89491,0.6019389,91.04908,5.1428924,1082.1904
7.864071,29.076456,1.0093381,74.17833,34.848347,2144.2395
3.579601,31.883543,1.7261615,81.67172,14.367682,1566.693
9.186908,27.929884,0.9049684,62.30769,39.778946,2401.5244
9.5224905,28.359005,0.6154746,56.854298,40.991547,2043.8048
9.243363,29.498123,1.1490079,58.99637,40.378914,1984.1232
7.4202733,29.045883,1.6776401,74.46216,33.22902,2162.4045
4.083503,31.043325,1.2633706,85.35958,15.562515,1923.5822
9.608467,29.743723,0.47096097,49.497364,43.357628,1688.8407
9.506963,28.113325,0.7323752,61.20785,41.017853,2091.5132
1.5683247,35.067738,0.07069467,93.85859,6.5844846,824.0902
5.322975,28.835072,1.5517814,75.62829,24.791248,1555.013
7.1945863,28.367577,0.9603974,70.412224,33.763737,1579.2036
2.7571673,29.390085,1.2584639,80.76681,10.803978,1216.1168
8.764581,29.816599,0.71599114,69.444016,39.07118,1684.2844
6.1460795,31.270748,0.7595277,76.616585,28.765314,1616.7617
8.859078,27.61529,2.1560867,63.76896,37.229126,2664.2002
9.328509,28.807037,0.91055745,63.45071,40.176907,1603.8243
2.060907,32.432606,0.3976776,84.87857,7.614261,1078.2633
9.651811,31.412964,0.2441101,45.804928,44.69266,1077.2153
8.773638,28.277237,1.251299,62.980015,36.627956,2359.7688
3.9167323,29.618177,1.0329887,78.66834,20.77971,1408.9772
7.1394844,28.828127,3.2052557,78.1479,24.106394,2636.0825
4.1105547,33.181015,0.56880504,84.43499,14.291382,1215.2965
8.713188,27.341524,3.9691892,60.22073,35.056877,2376.5186
1.6118494,35.629044,0.18221918,92.547745,5.6830883,878.1196
9.386672,30.88275,0.8268716,48.920784,42.102867,1603.5791
6.4196453,30.172665,2.6780307,61.98035,27.48924,1535.7827
8.659008,27.565664,1.6871419,67.55945,35.632324,2197.3865
8.450535,28.985975,1.2943416,62.655342,35.765636,2476.7268
9.151385,28.939869,0.36974627,59.812225,42.529774,1255.1115
8.795228,26.837852,1.8575367,63.05715,35.817482,2541.5867
9.512467,29.504107,0.43096983,59.134567,42.092983,1820.1764
6.024792,28.076656,2.9909627,66.50926,25.06797,2412.2854
8.572574,29.907396,1.2683766,76.7388,34.12189,2587.5178
9.387036,25.778906,0.54527676,51.493504,41.34507,2019.9806
2.3837333,32.979836,0.89321035,87.381676,8.261885,1608.8433
6.7534413,32.767635,1.7864166,64.623764,31.364595,1292.7223
8.527416,25.303928,3.02683,61.007603,34.915806,2826.3752
9.074686,31.008375,0.771067,64.703835,39.1355,1927.5763
9.354054,29.235704,0.2777761,66.29688,42.206646,1537.7363
2.5350213,36.81385,0.23090395,89.13096,12.3539915,902.2731
1.1312505,38.304657,0.01941015,96.36991,3.6626627,699.8675
7.5421553,30.369715,1.0442718,67.29468,33.249214,1803.039
9.756678,32.143604,0.14513795,50.94182,45.321507,1210.1155
6.9891014,30.195925,1.6204276,75.29886,26.818062,2476.0552
8.592914,30.976278,0.4753302,67.46703,41.273666,1335.6064
1.6941055,33.76648,0.62320447,87.82441,5.8230557,1061.603
6.428795,29.3949,2.234025,73.38688,26.55954,2292.1792
8.8017645,28.6786,1.3632667,55.97362,39.724323,1350.7003
1.0866972,37.230022,0.040022288,95.67135,2.8376799,714.74835
4.767087,31.8229,0.12994038,88.5476,23.730925,1002.23883
6.9976788,25.317297,2.3015082,66.285934,29.116425,2573.6372
9.442202,30.15568,0.37975433,77.763374,39.005768,1878.871
2.0105035,31.524294,1.1460091,76.29788,7.657432,1070.6195
9.581784,29.189648,0.36564007,51.059776,43.86729,1213.0698
3.781782,31.70089,0.53783154,80.70849,17.297213,1049.6267
1.2296188,36.664852,0.36372158,93.043846,3.5667887,864.30695
7.9702682,31.151623,1.405247,60.65351,37.88841,1401.369
4.789152,29.280348,0.8809614,78.700035,19.246677,1309.6385
9.242821,24.718138,0.742769,62.077915,40.092495,2145.744
1.8809489,35.16402,0.417876,87.40929,6.61946,1059.4052
6.3099694,28.131784,0.5686434,87.25018,19.85269,1849.3901
3.182845,29.961601,1.2582545,82.839165,10.8263035,1697.5396
9.252718,27.265896,0.30423832,77.9801,40.416256,1792.5686
5.249668,29.735744,0.6854075,76.403725,22.74283,1304.4265
9.00863,28.588955,2.1242425,61.70456,36.821777,2599.7808
9.1689625,27.920612,1.8032137,66.15677,36.63203,2634.7437
3.4660716,32.438362,3.3085735,68.538826,16.764702,1461.7922
8.561235,27.81797,1.2831182,63.52524,37.897247,2028.8348
8.415619,29.880093,1.185309,77.63342,29.29454,2738.5186
5.568306,30.534903,0.76659745,72.52923,23.24233,1745.8713
6.894281,30.463282,1.3042009,82.40262,26.404371,2386.0261
6.8302402,30.145782,2.8437202,72.78216,28.420702,2795.5076
1.2714686,35.4726,0.17335689,90.16183,3.7841804,832.3062
1.5251008,35.372463,0.101597734,95.04505,4.8961487,878.96735
8.433705,28.596859,1.215544,65.4701,35.03138,2475.0
2.6891987,29.58072,1.4006855,69.88945,12.542715,1152.6322
1.4470091,34.94169,0.09427019,92.51598,5.068487,841.0709
9.10296,28.487593,1.430657,57.303314,39.954144,1759.5028
9.203811,29.5015,0.83862716,45.503227,42.266117,1270.5294
3.574759,31.14467,2.3259957,70.08576,15.680838,1369.5591
7.910467,28.26649,0.8675888,81.677704,33.847916,2050.5654
5.861632,29.931501,1.6827787,83.231415,21.565735,2496.474
9.707965,28.00574,0.2612453,54.001858,43.996952,1209.0181
8.259258,27.576427,3.7146795,57.90706,34.90308,2368.885
5.3104005,31.442698,1.4035624,74.478714,20.228163,1770.2177
8.933294,28.984184,1.0131445,54.51748,39.469326,1804.3468
5.447371,30.677197,2.3684764,67.938644,23.678102,1587.5719
3.286412,31.406359,1.431851,83.12316,13.918534,1610.2135
1.2280449,35.82022,0.04907233,90.524445,3.9792964,731.508
5.125637,30.486937,3.1794655,66.20527,20.677618,1748.5188
7.301818,28.85302,3.009921,72.15055,29.225292,2422.0867
8.278961,25.402954,1.5102546,62.358093,36.939537,2019.7323
5.785501,30.488102,0.78594625,71.712494,26.37942,1242.8999
8.958977,26.03309,1.5795046,55.315487,38.105473,2204.5552
